"YEAR","PRJ_CD","SAM","AREA","SITE","LAT","LON","GR","GRDEP","GRTEM","SIDEP","EFFDUR","EFFSTART","EFFEND","SITRAN","SITEM","GRDEPMIN","GRDEPMAX"
2019,"LOA_IA19_GL1",1,"EB","EB01",44.067,-76.7751666666667,"GL6B",31.5,8.1,31,22.35,2019-06-17 12:12:00,2019-06-18 10:33:00,"10.5",12.1,30,33
2019,"LOA_IA19_GL1",2,"EB","EB01",44.067,-76.7751666666667,"GL6B",31.5,8.1,31,22.35,2019-06-17 12:12:00,2019-06-18 10:33:00,"10.5",12.1,30,33
2019,"LOA_IA19_GL1",3,"EB","EB01",44.067,-76.7751666666667,"GL6B",31.5,8.1,31,22.35,2019-06-17 12:12:00,2019-06-18 10:33:00,"10.5",12.1,30,33
2019,"LOA_IA19_GL1",4,"EB","EB02",44.0551666666667,-76.8415,"GL6B",31,6.9,30,22.65,2019-06-17 12:33:00,2019-06-18 11:12:00,"10.5",12.3,30,32
2019,"LOA_IA19_GL1",5,"EB","EB02",44.0551666666667,-76.8415,"GL6B",31,6.9,30,22.65,2019-06-17 12:33:00,2019-06-18 11:12:00,"10.5",12.3,30,32
2019,"LOA_IA19_GL1",6,"EB","EB02",44.0551666666667,-76.8415,"GL6B",31,6.9,30,22.65,2019-06-17 12:33:00,2019-06-18 11:12:00,"10.5",12.3,30,32
2019,"LOA_IA19_GL1",7,"EB","EB03",43.9715,-76.8236666666667,"GL6B",30,6.3,25,22.66,2019-06-17 11:14:00,2019-06-18 09:54:00,"11.0",11.8,29,31
2019,"LOA_IA19_GL1",8,"EB","EB03",43.9715,-76.8236666666667,"GL6B",30,6.3,25,22.66,2019-06-17 11:14:00,2019-06-18 09:54:00,"11.0",11.8,29,31
2019,"LOA_IA19_GL1",9,"EB","EB03",43.9715,-76.8236666666667,"GL6B",30,6.3,25,22.66,2019-06-17 11:14:00,2019-06-18 09:54:00,"11.0",11.8,29,31
2019,"LOA_IA19_GL1",10,"EB","EB04",43.9925,-76.6088333333333,"GL6B",29.8,8.7,27,22.11,2019-06-17 12:15:00,2019-06-18 10:22:00,"8.5",13.7,26.9,36
2019,"LOA_IA19_GL1",11,"EB","EB04",43.9925,-76.6088333333333,"GL6B",29.8,8.7,27,22.11,2019-06-17 12:15:00,2019-06-18 10:22:00,"8.5",13.7,26.9,36
2019,"LOA_IA19_GL1",12,"EB","EB04",43.9925,-76.6088333333333,"GL6B",29.8,8.7,27,22.11,2019-06-17 12:15:00,2019-06-18 10:22:00,"8.5",13.7,26.9,36
2019,"LOA_IA19_GL1",13,"EB","EB05",44.0033333333333,-76.6101666666667,"GL6B",30.6,9,29,22.18,2019-06-17 12:54:00,2019-06-18 11:05:00,"9.0",14.8,30.4,30.7
2019,"LOA_IA19_GL1",14,"EB","EB05",44.0033333333333,-76.6101666666667,"GL6B",30.6,9,29,22.18,2019-06-17 12:54:00,2019-06-18 11:05:00,"9.0",14.8,30.4,30.7
2019,"LOA_IA19_GL1",15,"EB","EB05",44.0033333333333,-76.6101666666667,"GL6B",30.6,9,29,22.18,2019-06-17 12:54:00,2019-06-18 11:05:00,"9.0",14.8,30.4,30.7
2019,"LOA_IA19_GL1",16,"EB","EB06",44.0363333333333,-76.7016666666667,"GL6B",31,7.4,30,24.2,2019-06-17 11:51:00,2019-06-18 12:03:00,"10.5",12.2,30,32
2019,"LOA_IA19_GL1",17,"EB","EB06",44.0363333333333,-76.7016666666667,"GL6B",31,7.4,30,24.2,2019-06-17 11:51:00,2019-06-18 12:03:00,"10.5",12.2,30,32
2019,"LOA_IA19_GL1",18,"EB","EB06",44.0363333333333,-76.7016666666667,"GL6B",31,7.4,30,24.2,2019-06-17 11:51:00,2019-06-18 12:03:00,"10.5",12.2,30,32
2019,"LOA_IA19_GL1",19,"BE","BE05",44.1523333333333,-77.3385,"GL6B",6,18,5,24.93,2019-06-17 11:10:00,2019-06-18 12:06:00,"2.0",19.4,6.3,6.6
2019,"LOA_IA19_GL1",20,"UB","U047",44.1298333333333,-77.4038333333333,"GL6B",4,18.4,6,23.66,2019-06-17 12:00:00,2019-06-18 11:40:00,"2.75",19.7,3.2,5
2019,"LOA_IA19_GL1",21,"UB","U016",44.0788333333333,-77.5391666666667,"GL6B",3.1,19,3,20.98,2019-06-17 13:42:00,2019-06-18 10:41:00,"2.25",19.9,2.8,3.5
2019,"LOA_IA19_GL1",22,"TR","TR05",44.106,-77.5101666666667,"GL6B",5.7,18,5.5,21.05,2019-06-17 14:07:00,2019-06-18 11:10:00,"2.25",19.2,5.6,5.8
2019,"LOA_IA19_GL1",23,"HB","HB08",44.1091666666667,-77.027,"GL6B",7.6,18.1,7.6,23.03,2019-06-24 11:17:00,2019-06-25 10:19:00,"3.0",20,7.5,7.7
2019,"LOA_IA19_GL1",24,"HB","HB13",44.0943333333333,-77.0706666666667,"GL6B",13,10.3,13,23.03,2019-06-24 10:56:00,2019-06-25 09:58:00,"3.5",19.9,12.5,13.5
2019,"LOA_IA19_GL1",25,"MB","M081",44.05,-77.0626666666667,"GL6B",24,8.3,20,22.91,2019-06-24 10:22:00,2019-06-25 09:17:00,"4.0",19.2,20,24
2019,"LOA_IA19_GL1",26,"MB","M072",44.0586666666667,-77.0758333333333,"GL6B",14.3,8.7,20,22.91,2019-06-24 10:39:00,2019-06-25 09:34:00,"4.0",20.3,14.1,14.6
2019,"LOA_IA19_GL1",27,"BB","BB05",44.1533333333333,-77.23,"GL6B",7,20.3,5,21.95,2019-06-24 12:13:00,2019-06-25 10:10:00,"2.7",22.4,7,7
2019,"LOA_IA19_GL1",28,"UB","U099",44.1318333333333,-77.2766666666667,"GL6B",5.4,21,6,21.91,2019-06-24 11:53:00,2019-06-25 09:48:00,"2.75",22.3,5.3,5.6
2019,"LOA_IA19_GL1",29,"DE","DE05",44.1736666666667,-77.0541666666667,"GL6B",6,19.7,5,21.95,2019-06-24 12:51:00,2019-06-25 10:48:00,"3.0",21.2,5.9,6
2019,"LOA_IA19_GL1",30,"MB","M005",44.1415,-77.0623333333333,"GL6B",10.8,10.6,12,21.9,2019-06-24 13:11:00,2019-06-25 11:05:00,"3.0",21.8,10.6,11.4
2019,"LOA_IA19_GL1",31,"GI","GI08",44.0936666666667,-76.7901666666667,"GL6B",8.2,11.3,7.5,24.46,2019-07-02 10:18:00,2019-07-03 10:46:00,"8.0",18.1,7.9,8.5
2019,"LOA_IA19_GL1",32,"GI","GI08",44.0936666666667,-76.7901666666667,"GL6B",8.2,11.3,7.5,24.46,2019-07-02 10:18:00,2019-07-03 10:46:00,"8.0",18.1,7.9,8.5
2019,"LOA_IA19_GL1",33,"GI","GI13",44.088,-76.7868333333333,"GL6B",13,8.9,12.5,23.86,2019-07-02 10:35:00,2019-07-03 10:27:00,"8.5",18.2,12.5,13.5
2019,"LOA_IA19_GL1",34,"GI","GI13",44.088,-76.7868333333333,"GL6B",13,8.9,12.5,23.86,2019-07-02 10:35:00,2019-07-03 10:27:00,"8.5",18.2,12.5,13.5
2019,"LOA_IA19_GL1",35,"GI","GI18",44.0803333333333,-76.7958333333333,"GL6B",18.4,7.9,17.5,23.23,2019-07-02 10:52:00,2019-07-03 10:06:00,"8.5",17.9,17.8,19
2019,"LOA_IA19_GL1",36,"GI","GI18",44.0803333333333,-76.7958333333333,"GL6B",18.4,7.9,17.5,23.23,2019-07-02 10:52:00,2019-07-03 10:06:00,"8.5",17.9,17.8,19
2019,"LOA_IA19_GL1",37,"GI","GI23",44.0658333333333,-76.7865,"GL6B",22.5,7.4,22.5,22.48,2019-07-02 11:15:00,2019-07-03 09:44:00,"6.5",18.3,22.2,22.8
2019,"LOA_IA19_GL1",38,"GI","GI23",44.0658333333333,-76.7865,"GL6B",22.5,7.4,22.5,22.48,2019-07-02 11:15:00,2019-07-03 09:44:00,"6.5",18.3,22.2,22.8
2019,"LOA_IA19_GL1",39,"GI","GI28",44.0641666666667,-76.795,"GL6B",27.7,7.4,27.5,21.86,2019-07-02 11:30:00,2019-07-03 09:22:00,"6.5",18.2,27,28.3
2019,"LOA_IA19_GL1",40,"GI","GI28",44.0641666666667,-76.795,"GL6B",27.7,7.4,27.5,21.86,2019-07-02 11:30:00,2019-07-03 09:22:00,"6.5",18.2,27,28.3
2019,"LOA_IA19_GL1",41,"MS","MS28",44.1323333333333,-76.5713333333333,"GL6B",29.6,8.3,27.5,22.83,2019-07-02 11:20:00,2019-07-03 10:10:00,"7.5",18.6,29.2,29.7
2019,"LOA_IA19_GL1",42,"MS","MS23",44.1421666666667,-76.5708333333333,"GL6B",23.6,9,22.5,22.76,2019-07-02 11:39:00,2019-07-03 10:25:00,"7.25",18.6,23.2,23.7
2019,"LOA_IA19_GL1",43,"MS","MS18",44.1556666666667,-76.577,"GL6B",17.4,10,17.5,22.76,2019-07-02 11:58:00,2019-07-03 10:44:00,"6.0",18.8,16.9,17.8
2019,"LOA_IA19_GL1",44,"MS","MS13",44.168,-76.579,"GL6B",13.2,11.7,12.5,22.71,2019-07-02 12:15:00,2019-07-03 10:58:00,"5.8",18.9,12.9,13.6
2019,"LOA_IA19_GL1",45,"MS","MS08",44.1713333333333,-76.5833333333333,"GL6B",8.4,14.8,7.5,22.58,2019-07-02 12:35:00,2019-07-03 11:10:00,"6.25",18.9,7.9,8.6
2019,"LOA_IA19_GL1",46,"FP","FP08",43.9443333333333,-76.9998333333333,"GL6B",8.4,19.2,7.5,22.86,2019-07-08 11:04:00,2019-07-09 09:56:00,"8.0",20.1,8.1,9.2
2019,"LOA_IA19_GL1",47,"FP","FP08",43.9443333333333,-76.9998333333333,"GL6B",8.4,19.2,7.5,22.86,2019-07-08 11:04:00,2019-07-09 09:56:00,"8.0",20.1,8.1,9.2
2019,"LOA_IA19_GL1",48,"FP","FP13",43.9456666666667,-76.9876666666667,"GL6B",13.5,16.3,12.5,22.75,2019-07-08 11:37:00,2019-07-09 10:22:00,"7.5",20.2,13.3,13.9
2019,"LOA_IA19_GL1",49,"FP","FP13",43.9456666666667,-76.9876666666667,"GL6B",13.5,16.3,12.5,22.75,2019-07-08 11:37:00,2019-07-09 10:22:00,"7.5",20.2,13.3,13.9
2019,"LOA_IA19_GL1",50,"FP","FP18",43.9511666666667,-76.958,"GL6B",18.5,10.4,17.5,22.6,2019-07-08 12:01:00,2019-07-09 10:37:00,"8.5",20.7,17.8,18.8
2019,"LOA_IA19_GL1",51,"FP","FP18",43.9511666666667,-76.958,"GL6B",18.5,10.4,17.5,22.6,2019-07-08 12:01:00,2019-07-09 10:37:00,"8.5",20.7,17.8,18.8
2019,"LOA_IA19_GL1",52,"FP","FP23",43.957,-76.9258333333333,"GL6B",23.6,9.4,22.5,22.55,2019-07-08 12:29:00,2019-07-09 11:02:00,"6.5",21.1,23.4,24.1
2019,"LOA_IA19_GL1",53,"FP","FP23",43.957,-76.9258333333333,"GL6B",23.6,9.4,22.5,22.55,2019-07-08 12:29:00,2019-07-09 11:02:00,"6.5",21.1,23.4,24.1
2019,"LOA_IA19_GL1",54,"FP","FP28",43.9575,-76.8896666666667,"GL6B",30.4,8.3,27.5,22.53,2019-07-08 12:50:00,2019-07-09 11:22:00,"6.25",20.3,30.1,30.6
2019,"LOA_IA19_GL1",55,"FP","FP28",43.9575,-76.8896666666667,"GL6B",30.4,8.3,27.5,22.53,2019-07-08 12:50:00,2019-07-09 11:22:00,"6.25",20.3,30.1,30.6
2019,"LOA_IA19_GL1",56,"UB","U082",44.102,-77.3136666666667,"GL6B",3.1,24.8,3,23.4,2019-07-08 10:24:00,2019-07-09 09:48:00,"2.25",25.1,2.7,3.5
2019,"LOA_IA19_GL1",57,"UB","U120",44.1705,-77.2288333333333,"GL6B",5.8,24.4,6,23.46,2019-07-08 10:47:00,2019-07-09 10:15:00,"2.7",26.2,5.6,6
2019,"LOA_IA19_GL1",58,"UB","U140",44.1618333333333,-77.1578333333333,"GL6B",5,25,6,23.4,2019-07-08 11:13:00,2019-07-09 10:37:00,"2.5",25.7,4.7,5.3
2019,"LOA_IA19_GL1",59,"GI","GI28",44.0645,-76.7855,"GL6B",27.1,9,27.5,22.63,2019-07-15 10:44:00,2019-07-16 09:22:00,"6.5",20.7,26.8,28.1
2019,"LOA_IA19_GL1",60,"GI","GI28",44.0645,-76.7855,"GL6B",27.1,9,27.5,22.63,2019-07-15 10:44:00,2019-07-16 09:22:00,"6.5",20.7,26.8,28.1
2019,"LOA_IA19_GL1",61,"GI","GI23",44.0661666666667,-76.7861666666667,"GL6B",22.7,9.2,22.5,22.5,2019-07-15 11:14:00,2019-07-16 09:44:00,"5.75",20.7,21.9,23.2
2019,"LOA_IA19_GL1",62,"GI","GI23",44.0661666666667,-76.7861666666667,"GL6B",22.7,9.2,22.5,22.5,2019-07-15 11:14:00,2019-07-16 09:44:00,"5.75",20.7,21.9,23.2
2019,"LOA_IA19_GL1",63,"GI","GI18",44.0796666666667,-76.7958333333333,"GL6B",18.7,10.1,17.5,22.51,2019-07-15 11:36:00,2019-07-16 10:07:00,"6.5",19.9,17.6,19
2019,"LOA_IA19_GL1",64,"GI","GI18",44.0796666666667,-76.7958333333333,"GL6B",18.7,10.1,17.5,22.51,2019-07-15 11:36:00,2019-07-16 10:07:00,"6.5",19.9,17.6,19
2019,"LOA_IA19_GL1",65,"GI","GI13",44.0876666666667,-76.7871666666667,"GL6B",13.1,11.1,12.5,22.48,2019-07-15 11:58:00,2019-07-16 10:27:00,"6.5",19.8,12.8,13.3
2019,"LOA_IA19_GL1",66,"GI","GI13",44.0876666666667,-76.7871666666667,"GL6B",13.1,11.1,12.5,22.48,2019-07-15 11:58:00,2019-07-16 10:27:00,"6.5",19.8,12.8,13.3
2019,"LOA_IA19_GL1",67,"GI","GI08",44.0931666666667,-76.7908333333333,"GL6B",7.2,19.1,7.5,22.45,2019-07-15 12:21:00,2019-07-16 10:48:00,NA,20.1,7,8.1
2019,"LOA_IA19_GL1",68,"GI","GI08",44.0931666666667,-76.7908333333333,"GL6B",7.2,19.1,7.5,22.45,2019-07-15 12:21:00,2019-07-16 10:48:00,NA,20.1,7,8.1
2019,"LOA_IA19_GL1",69,"MS","MS08",44.171,-76.584,"GL6B",8.4,14.8,7.5,22.95,2019-07-15 12:25:00,2019-07-16 11:22:00,"5.9",21,7.9,9
2019,"LOA_IA19_GL1",70,"MS","MS13",44.1675,-76.5808333333333,"GL6B",12.5,12.9,12.5,23.08,2019-07-15 12:05:00,2019-07-16 11:10:00,"6.5",20.9,12.1,13.5
2019,"LOA_IA19_GL1",71,"MS","MS18",44.156,-76.577,"GL6B",16.5,11.7,17.5,23.2,2019-07-15 11:40:00,2019-07-16 10:52:00,"7.2",20.7,16.3,17.1
2019,"LOA_IA19_GL1",72,"MS","MS23",44.1413333333333,-76.5703333333333,"GL6B",23.8,11.3,22.5,24.28,2019-07-15 11:20:00,2019-07-16 11:37:00,"7.4",20.4,23,24
2019,"LOA_IA19_GL1",73,"MS","MS28",44.1328333333333,-76.5713333333333,"GL6B",29,9.5,27.5,23.33,2019-07-15 11:05:00,2019-07-16 10:25:00,"6.75",20.1,28.7,29.4
2019,"LOA_IA19_GL1",74,"MB","M062",44.0678333333333,-77.1006666666667,"GL6B",8.6,9.5,12,23.61,2019-07-15 10:49:00,2019-07-16 10:26:00,"2.5",24.6,8.4,8.8
2019,"LOA_IA19_GL1",75,"MB","M027",44.1436666666667,-76.977,"GL6B",2.7,2,3,23.38,2019-07-15 09:47:00,2019-07-16 09:10:00,"2.0",25.1,2.5,2.8
2019,"LOA_IA19_GL1",76,"MB","M088",44.0443333333333,-77.0651666666667,"GL6B",8.1,11.1,12,23.43,2019-07-15 10:28:00,2019-07-16 09:54:00,"3.0",23.3,7.8,8.3
2019,"LOA_IA19_GL1",77,"MB","M073",44.057,-77.0701666666667,"GL6B",14,10.7,20,22.91,2019-07-15 11:14:00,2019-07-16 10:09:00,"3.0",22.8,13.8,14.2
2019,"LOA_IA19_GL1",78,"FP","FP08",43.944,-77.0005,"GL6B",8.5,19.4,7.5,23.38,2019-07-24 10:27:00,2019-07-25 09:50:00,"7.0",20.7,8.3,9.1
2019,"LOA_IA19_GL1",79,"FP","FP08",43.944,-77.0005,"GL6B",8.5,19.4,7.5,23.38,2019-07-24 10:27:00,2019-07-25 09:50:00,"7.0",20.7,8.3,9.1
2019,"LOA_IA19_GL1",80,"FP","FP13",43.9453333333333,-76.9875,"GL6B",13.6,18.5,12.5,23.28,2019-07-24 10:48:00,2019-07-25 10:05:00,"8.2",20.8,12.9,14.1
2019,"LOA_IA19_GL1",81,"FP","FP13",43.9453333333333,-76.9875,"GL6B",13.6,18.5,12.5,23.28,2019-07-24 10:48:00,2019-07-25 10:05:00,"8.2",20.8,12.9,14.1
2019,"LOA_IA19_GL1",82,"FP","FP18",43.9481666666667,-76.9576666666667,"GL6B",17.6,16.2,17.5,23.5,2019-07-24 11:00:00,2019-07-25 10:30:00,"8.2",20.9,16.2,18.7
2019,"LOA_IA19_GL1",83,"FP","FP18",43.9481666666667,-76.9576666666667,"GL6B",17.6,16.2,17.5,23.5,2019-07-24 11:00:00,2019-07-25 10:30:00,"8.2",20.9,16.2,18.7
2019,"LOA_IA19_GL1",84,"FP","FP23",43.957,-76.926,"GL6B",23.8,14.3,22.5,23.51,2019-07-24 11:20:00,2019-07-25 10:51:00,"8.5",21,23.6,24
2019,"LOA_IA19_GL1",85,"FP","FP23",43.957,-76.926,"GL6B",23.8,14.3,22.5,23.51,2019-07-24 11:20:00,2019-07-25 10:51:00,"8.5",21,23.6,24
2019,"LOA_IA19_GL1",86,"FP","FP28",43.9608333333333,-76.893,"GL6B",29.5,9.1,27.5,23.58,2019-07-24 11:40:00,2019-07-25 11:15:00,"9.0",21.2,29.2,30
2019,"LOA_IA19_GL1",87,"FP","FP28",43.9608333333333,-76.893,"GL6B",29.5,9.1,27.5,23.58,2019-07-24 11:40:00,2019-07-25 11:15:00,"9.0",21.2,29.2,30
2019,"LOA_IA19_GL1",88,"BE","BE05",44.1525,-77.3413333333333,"GL6B",6,24.8,5,23.1,2019-07-24 12:49:00,2019-07-25 11:55:00,"1.5",26.1,5.9,6.2
2019,"LOA_IA19_GL1",89,"UB","U042",44.134,-77.4335,"GL6B",4.2,24.9,6,23.16,2019-07-24 12:15:00,2019-07-25 11:25:00,"1.5",25.7,3.6,5.2
2019,"LOA_IA19_GL1",90,"TR","TR05",44.106,-77.5103333333333,"GL6B",5.3,25.1,5,23.28,2019-07-24 11:43:00,2019-07-25 11:00:00,"2.25",25.6,5.2,5.6
2019,"LOA_IA19_GL1",91,"UB","U005",44.1111666666667,-77.5831666666667,"GL6B",2.75,24.5,3,23.48,2019-07-24 11:06:00,2019-07-25 10:35:00,"2.75",24.6,2.5,3.25
2019,"LOA_IA19_GL1",92,"EB","EB01",44.0665,-76.7756666666667,"GL6B",32,9.3,31,23.7,2019-07-22 10:38:00,2019-07-23 10:20:00,"5.5",21.5,31.5,32
2019,"LOA_IA19_GL1",93,"EB","EB01",44.0665,-76.7756666666667,"GL6B",32,9.3,31,23.7,2019-07-22 10:38:00,2019-07-23 10:20:00,"5.5",21.5,31.5,32
2019,"LOA_IA19_GL1",94,"EB","EB01",44.0665,-76.7756666666667,"GL6B",32,9.3,31,23.7,2019-07-22 10:38:00,2019-07-23 10:20:00,"5.5",21.5,31.5,32
2019,"LOA_IA19_GL1",95,"EB","EB02",44.0423333333333,-76.8395,"GL6B",31.5,8.9,30,23.66,2019-07-22 10:01:00,2019-07-23 09:41:00,"4.5",20.7,31.5,32
2019,"LOA_IA19_GL1",96,"EB","EB02",44.0423333333333,-76.8395,"GL6B",31.5,8.9,30,23.66,2019-07-22 10:01:00,2019-07-23 09:41:00,"4.5",20.7,31.5,32
2019,"LOA_IA19_GL1",97,"EB","EB02",44.0423333333333,-76.8395,"GL6B",31.5,8.9,30,23.66,2019-07-22 10:01:00,2019-07-23 09:41:00,"4.5",20.7,31.5,32
2019,"LOA_IA19_GL1",98,"EB","EB03",43.971,-76.8235,"GL6B",28.5,8.4,25,23.48,2019-07-22 11:26:00,2019-07-23 10:55:00,"4.5",21,28,29
2019,"LOA_IA19_GL1",99,"EB","EB03",43.971,-76.8235,"GL6B",28.5,8.4,25,23.48,2019-07-22 11:26:00,2019-07-23 10:55:00,"4.5",21,28,29
2019,"LOA_IA19_GL1",100,"EB","EB03",43.971,-76.8235,"GL6B",28.5,8.4,25,23.48,2019-07-22 11:26:00,2019-07-23 10:55:00,"4.5",21,28,29
2019,"LOA_IA19_GL1",101,"RP","RP08",43.9183333333333,-76.8698333333333,"GL6B",8.1,20.8,7.5,25.81,2019-07-23 09:43:00,2019-07-24 11:32:00,"6.7",21.7,8.1,8.2
2019,"LOA_IA19_GL1",102,"RP","RP08",43.9183333333333,-76.8698333333333,"GL6B",8.1,20.8,7.5,25.81,2019-07-23 09:43:00,2019-07-24 11:32:00,"6.7",21.7,8.1,8.2
2019,"LOA_IA19_GL1",103,"RP","RP13",43.9118333333333,-76.8701666666667,"GL6B",14.6,15.4,12.5,25.36,2019-07-23 09:53:00,2019-07-24 11:15:00,"7.5",21.8,14.4,14.8
2019,"LOA_IA19_GL1",104,"RP","RP13",43.9118333333333,-76.8701666666667,"GL6B",14.6,15.4,12.5,25.36,2019-07-23 09:53:00,2019-07-24 11:15:00,"7.5",21.8,14.4,14.8
2019,"LOA_IA19_GL1",105,"RP","RP18",43.902,-76.8695,"GL6B",19.4,14.7,17.5,24.81,2019-07-23 10:06:00,2019-07-24 10:55:00,"8.5",22.2,19.3,19.5
2019,"LOA_IA19_GL1",106,"RP","RP18",43.902,-76.8695,"GL6B",19.4,14.7,17.5,24.81,2019-07-23 10:06:00,2019-07-24 10:55:00,"8.5",22.2,19.3,19.5
2019,"LOA_IA19_GL1",107,"RP","RP23",43.8881666666667,-76.8586666666667,"GL6B",24.2,15.3,22.5,24.08,2019-07-23 10:25:00,2019-07-24 10:30:00,"6.4",22.4,24.1,24.3
2019,"LOA_IA19_GL1",108,"RP","RP23",43.8881666666667,-76.8586666666667,"GL6B",24.2,15.3,22.5,24.08,2019-07-23 10:25:00,2019-07-24 10:30:00,"6.4",22.4,24.1,24.3
2019,"LOA_IA19_GL1",109,"RP","RP28",43.8808333333333,-76.8556666666667,"GL6B",29.7,11.2,27.5,23.46,2019-07-23 10:37:00,2019-07-24 10:05:00,"8.0",22.5,29.5,30
2019,"LOA_IA19_GL1",110,"RP","RP28",43.8808333333333,-76.8556666666667,"GL6B",29.7,11.2,27.5,23.46,2019-07-23 10:37:00,2019-07-24 10:05:00,"8.0",22.5,29.5,30
2019,"LOA_IA19_GL1",111,"RP","0140",43.6873333333333,-76.793,"GL6C",137,3.9,140,26.13,2019-07-22 11:42:00,2019-07-23 13:50:00,"6.6",23.9,136,137
2019,"LOA_IA19_GL1",112,"RP","0140",43.6873333333333,-76.793,"GL6C",137,3.9,140,26.13,2019-07-22 11:42:00,2019-07-23 13:50:00,"6.6",23.9,136,137
2019,"LOA_IA19_GL1",113,"RP","0140",43.6873333333333,-76.793,"GL6C",137,3.9,140,26.13,2019-07-22 11:42:00,2019-07-23 13:50:00,"6.6",23.9,136,137
2019,"LOA_IA19_GL1",114,"RP","0100",43.7458333333333,-76.8253333333333,"GL6C",99.5,4.1,100,24.51,2019-07-22 12:19:00,2019-07-23 12:50:00,"7.3",24.1,98.5,99.7
2019,"LOA_IA19_GL1",115,"RP","0100",43.7458333333333,-76.8253333333333,"GL6C",99.5,4.1,100,24.51,2019-07-22 12:19:00,2019-07-23 12:50:00,"7.3",24.1,98.5,99.7
2019,"LOA_IA19_GL1",116,"RP","0100",43.7458333333333,-76.8253333333333,"GL6C",99.5,4.1,100,24.51,2019-07-22 12:19:00,2019-07-23 12:50:00,"7.3",24.1,98.5,99.7
2019,"LOA_IA19_GL1",117,"RP","0080",43.7731666666667,-76.8256666666667,"GL6C",80.5,4.2,80,23.4,2019-07-22 12:45:00,2019-07-23 12:09:00,"7.5",24.1,80.2,81.3
2019,"LOA_IA19_GL1",118,"RP","0080",43.7731666666667,-76.8256666666667,"GL6C",80.5,4.2,80,23.4,2019-07-22 12:45:00,2019-07-23 12:09:00,"7.5",24.1,80.2,81.3
2019,"LOA_IA19_GL1",119,"RP","0080",43.7731666666667,-76.8256666666667,"GL6C",80.5,4.2,80,23.4,2019-07-22 12:45:00,2019-07-23 12:09:00,"7.5",24.1,80.2,81.3
2019,"LOA_IA19_GL1",120,"RP","0060",43.8291666666667,-76.8395,"GL6C",61.2,5.7,60,25.86,2019-07-22 13:29:00,2019-07-23 15:21:00,"7.1",23.6,60.9,61.5
2019,"LOA_IA19_GL1",121,"RP","0060",43.8291666666667,-76.8395,"GL6C",61.2,5.7,60,25.86,2019-07-22 13:29:00,2019-07-23 15:21:00,"7.1",23.6,60.9,61.5
2019,"LOA_IA19_GL1",122,"RP","0060",43.8291666666667,-76.8395,"GL6C",61.2,5.7,60,25.86,2019-07-22 13:29:00,2019-07-23 15:21:00,"7.1",23.6,60.9,61.5
2019,"LOA_IA19_GL1",123,"RP","0050",43.8488333333333,-76.8321666666667,"GL6C",51.4,5,50,26.06,2019-07-22 13:54:00,2019-07-23 15:58:00,"6.5",24.3,51.3,51.9
2019,"LOA_IA19_GL1",124,"RP","0050",43.8488333333333,-76.8321666666667,"GL6C",51.4,5,50,26.06,2019-07-22 13:54:00,2019-07-23 15:58:00,"6.5",24.3,51.3,51.9
2019,"LOA_IA19_GL1",125,"RP","0050",43.8488333333333,-76.8321666666667,"GL6C",51.4,5,50,26.06,2019-07-22 13:54:00,2019-07-23 15:58:00,"6.5",24.3,51.3,51.9
2019,"LOA_IA19_GL1",126,"RP","0040",43.8656666666667,-76.8346666666667,"GL6C",42.6,8.1,40,20.61,2019-07-22 14:18:00,2019-07-23 10:55:00,"5.5",24.5,42.5,42.7
2019,"LOA_IA19_GL1",127,"RP","0040",43.8656666666667,-76.8346666666667,"GL6C",42.6,8.1,40,20.61,2019-07-22 14:18:00,2019-07-23 10:55:00,"5.5",24.5,42.5,42.7
2019,"LOA_IA19_GL1",128,"RP","0040",43.8656666666667,-76.8346666666667,"GL6C",42.6,8.1,40,20.61,2019-07-22 14:18:00,2019-07-23 10:55:00,"5.5",24.5,42.5,42.7
2019,"LOA_IA19_GL1",129,"LB","L053",44.1246666666667,-76.8765,"GL6B",27.3,14.1,35,23.18,2019-07-22 10:30:00,2019-07-23 09:41:00,"7.0",21.6,23.7,30.2
2019,"LOA_IA19_GL1",130,"LB","L039",44.1063333333333,-76.9151666666667,"GL6B",12.5,18,12,23.21,2019-07-22 10:54:00,2019-07-23 10:07:00,"8.0",21.8,11,12.9
2019,"LOA_IA19_GL1",131,"LB","L024",44.0816666666667,-76.9536666666667,"GL6B",2.7,21.1,3,23.16,2019-07-22 11:25:00,2019-07-23 10:35:00,"3.0",21.6,2.4,3
2019,"LOA_IA19_GL1",132,"LB","L018",44.062,-76.9771666666667,"GL6B",8.4,20.4,12,22.96,2019-07-22 12:07:00,2019-07-23 11:05:00,"3.75",21.4,6.8,10.9
2019,"LOA_IA19_GL1",133,"LB","L011",44.0586666666667,-77.0035,"GL6B",5.3,18.6,6,22.93,2019-07-22 12:36:00,2019-07-23 11:32:00,"4.25",18.8,4.9,5.5
2019,"LOA_IA19_GL1",134,"LB","L020",44.048,-76.9816666666667,"GL6B",15.4,13,20,22.93,2019-07-22 13:07:00,2019-07-23 12:03:00,"2.75",19,15.2,15.7
2019,"LOA_IA19_GL1",135,"LB","L042",44.0806666666667,-76.9161666666667,"GL6B",41,8.8,50,22.78,2019-07-22 13:42:00,2019-07-23 12:29:00,"3.5",20.1,39.1,42.7
2019,"LOA_IA19_GL1",136,"LB","L051",44.0985,-76.8916666666667,"GL6B",45.1,7.9,50,22.68,2019-07-22 14:04:00,2019-07-23 12:45:00,"4.5",20.3,44,45.2
2019,"LOA_IA19_GL1",137,"LB","L062",44.102,-76.8693333333333,"GL6B",6.3,20.1,12,21.73,2019-07-22 15:19:00,2019-07-23 13:03:00,"3.25",21,6,6.7
2019,"LOA_IA19_GL1",138,"LB","L066",44.1096666666667,-76.8595,"GL6B",13.5,16.5,20,23.75,2019-07-22 13:38:00,2019-07-23 13:23:00,"4.0",20.6,12.4,14.6
2019,"LOA_IA19_GL1",139,"EB","EB04",43.9918333333333,-76.6093333333333,"GL6B",31.5,6.8,27,23,2019-07-22 12:10:00,2019-07-23 11:10:00,"6.5",21.5,30.4,34
2019,"LOA_IA19_GL1",140,"EB","EB04",43.9918333333333,-76.6093333333333,"GL6B",31.5,6.8,27,23,2019-07-22 12:10:00,2019-07-23 11:10:00,"6.5",21.5,30.4,34
2019,"LOA_IA19_GL1",141,"EB","EB04",43.9918333333333,-76.6093333333333,"GL6B",31.5,6.8,27,23,2019-07-22 12:10:00,2019-07-23 11:10:00,"6.5",21.5,30.4,34
2019,"LOA_IA19_GL1",142,"EB","EB05",44.0003333333333,-76.572,"GL6B",29.8,9.2,29,22.95,2019-07-22 11:43:00,2019-07-23 10:40:00,"6.5",21.8,27.9,31.1
2019,"LOA_IA19_GL1",143,"EB","EB05",44.0003333333333,-76.572,"GL6B",29.8,9.2,29,22.95,2019-07-22 11:43:00,2019-07-23 10:40:00,"6.5",21.8,27.9,31.1
2019,"LOA_IA19_GL1",144,"EB","EB05",44.0003333333333,-76.572,"GL6B",29.8,9.2,29,22.95,2019-07-22 11:43:00,2019-07-23 10:40:00,"6.5",21.8,27.9,31.1
2019,"LOA_IA19_GL1",145,"EB","EB06",44.0366666666667,-76.709,"GL6B",30.5,10.6,30,23.35,2019-07-22 10:39:00,2019-07-23 10:00:00,"7.0",20.9,28.4,31.6
2019,"LOA_IA19_GL1",146,"EB","EB06",44.0366666666667,-76.709,"GL6B",30.5,10.6,30,23.35,2019-07-22 10:39:00,2019-07-23 10:00:00,"7.0",20.9,28.4,31.6
2019,"LOA_IA19_GL1",147,"EB","EB06",44.0366666666667,-76.709,"GL6B",30.5,10.6,30,23.35,2019-07-22 10:39:00,2019-07-23 10:00:00,"7.0",20.9,28.4,31.6
2019,"LOA_IA19_GL1",148,"WE","WE08",43.939,-77.3308333333333,"GL6B",8.1,20.7,7.5,22.48,2019-07-29 12:31:00,2019-07-30 11:00:00,"5.25",23.2,7.7,8.9
2019,"LOA_IA19_GL1",149,"WE","WE08",43.939,-77.3308333333333,"GL6B",8.1,20.7,7.5,22.48,2019-07-29 12:31:00,2019-07-30 11:00:00,"5.25",23.2,7.7,8.9
2019,"LOA_IA19_GL1",150,"WE","WE13",43.9253333333333,-77.338,"GL6B",13.3,13.8,12.5,22.5,2019-07-29 12:05:00,2019-07-30 10:35:00,"5.5",23.2,13.1,13.7
2019,"LOA_IA19_GL1",151,"WE","WE13",43.9253333333333,-77.338,"GL6B",13.3,13.8,12.5,22.5,2019-07-29 12:05:00,2019-07-30 10:35:00,"5.5",23.2,13.1,13.7
2019,"LOA_IA19_GL1",152,"WE","WE18",43.9183333333333,-77.3396666666667,"GL6B",18.1,12.7,17.5,22.56,2019-07-29 11:41:00,2019-07-30 10:15:00,"7.0",23.1,17.9,18.5
2019,"LOA_IA19_GL1",153,"WE","WE18",43.9183333333333,-77.3396666666667,"GL6B",18.1,12.7,17.5,22.56,2019-07-29 11:41:00,2019-07-30 10:15:00,"7.0",23.1,17.9,18.5
2019,"LOA_IA19_GL1",154,"WE","WE23",43.8983333333333,-77.3426666666667,"GL6B",22.9,13,22.5,22.5,2019-07-29 11:15:00,2019-07-30 09:45:00,"5.5",23,22.7,23.6
2019,"LOA_IA19_GL1",155,"WE","WE23",43.8983333333333,-77.3426666666667,"GL6B",22.9,13,22.5,22.5,2019-07-29 11:15:00,2019-07-30 09:45:00,"5.5",23,22.7,23.6
2019,"LOA_IA19_GL1",156,"WE","WE28",43.893,-77.3465,"GL6B",28.5,10.6,27.5,22.41,2019-07-29 10:55:00,2019-07-30 09:20:00,"6.0",22.8,28,29.9
2019,"LOA_IA19_GL1",157,"WE","WE28",43.893,-77.3465,"GL6B",28.5,10.6,27.5,22.41,2019-07-29 10:55:00,2019-07-30 09:20:00,"6.0",22.8,28,29.9
2019,"LOA_IA19_GL1",158,"BR","BR28",43.9386666666667,-77.6706666666667,"GL6B",29.5,9.6,27.5,23.3,2019-07-29 10:35:00,2019-07-30 09:53:00,"10.0",22.7,29.1,29.7
2019,"LOA_IA19_GL1",159,"BR","BR28",43.9386666666667,-77.6706666666667,"GL6B",29.5,9.6,27.5,23.3,2019-07-29 10:35:00,2019-07-30 09:53:00,"10.0",22.7,29.1,29.7
2019,"LOA_IA19_GL1",160,"BR","BR23",43.9535,-77.6756666666667,"GL6B",23.2,11.7,22.5,23.18,2019-07-29 10:59:00,2019-07-30 10:10:00,"9.5",22.1,22.9,23.5
2019,"LOA_IA19_GL1",161,"BR","BR23",43.9535,-77.6756666666667,"GL6B",23.2,11.7,22.5,23.18,2019-07-29 10:59:00,2019-07-30 10:10:00,"9.5",22.1,22.9,23.5
2019,"LOA_IA19_GL1",162,"BR","BR18",43.98,-77.6786666666667,"GL6B",18.3,11.3,17.5,23.23,2019-07-29 11:25:00,2019-07-30 10:39:00,"6.5",21.7,18,19.4
2019,"LOA_IA19_GL1",163,"BR","BR18",43.98,-77.6786666666667,"GL6B",18.3,11.3,17.5,23.23,2019-07-29 11:25:00,2019-07-30 10:39:00,"6.5",21.7,18,19.4
2019,"LOA_IA19_GL1",164,"BR","BR13",43.9855,-77.6805,"GL6B",14.1,15.5,12.5,23.21,2019-07-29 11:45:00,2019-07-30 10:58:00,"7.0",21.7,13.2,14.5
2019,"LOA_IA19_GL1",165,"BR","BR13",43.9855,-77.6805,"GL6B",14.1,15.5,12.5,23.21,2019-07-29 11:45:00,2019-07-30 10:58:00,"7.0",21.7,13.2,14.5
2019,"LOA_IA19_GL1",166,"BR","BR08",43.9926666666667,-77.6806666666667,"GL6B",7.3,20.7,7.5,23.28,2019-07-29 12:00:00,2019-07-30 11:17:00,"5.5",22,6,7.8
2019,"LOA_IA19_GL1",167,"BR","BR08",43.9926666666667,-77.6806666666667,"GL6B",7.3,20.7,7.5,23.28,2019-07-29 12:00:00,2019-07-30 11:17:00,"5.5",22,6,7.8
2019,"LOA_IA19_GL1",168,"MG","MG05",44.0153333333333,-77.6453333333333,"GL6B",6.2,22,5,23.25,2019-07-29 12:25:00,2019-07-30 11:40:00,"5.5",22.7,5.8,6.8
2019,"LOA_IA19_GL1",169,"MG","MG05",44.0153333333333,-77.6453333333333,"GL6B",6.2,22,5,23.25,2019-07-29 12:25:00,2019-07-30 11:40:00,"5.5",22.7,5.8,6.8
2019,"LOA_IA19_GL1",170,"CB","CB08",43.9501666666667,-78.1945,"GL6B",9.5,14.6,7.5,24.38,2019-07-30 09:52:00,2019-07-31 10:15:00,"3.0",18.8,9.5,9.8
2019,"LOA_IA19_GL1",171,"CB","CB08",43.9501666666667,-78.1945,"GL6B",9.5,14.6,7.5,24.38,2019-07-30 09:52:00,2019-07-31 10:15:00,"3.0",18.8,9.5,9.8
2019,"LOA_IA19_GL1",172,"CB","CB13",43.9426666666667,-78.1943333333333,"GL6B",14.3,13.7,12.5,24.6,2019-07-30 10:02:00,2019-07-31 10:38:00,"3.0",19,12.5,14.9
2019,"LOA_IA19_GL1",173,"CB","CB13",43.9426666666667,-78.1943333333333,"GL6B",14.3,13.7,12.5,24.6,2019-07-30 10:02:00,2019-07-31 10:38:00,"3.0",19,12.5,14.9
2019,"LOA_IA19_GL1",174,"CB","CB18",43.9368333333333,-78.1895,"GL6B",19.4,12.6,17.5,24.66,2019-07-30 10:15:00,2019-07-31 10:55:00,"3.0",20.1,19.3,19.5
2019,"LOA_IA19_GL1",175,"CB","CB18",43.9368333333333,-78.1895,"GL6B",19.4,12.6,17.5,24.66,2019-07-30 10:15:00,2019-07-31 10:55:00,"3.0",20.1,19.3,19.5
2019,"LOA_IA19_GL1",176,"CB","CB23",43.9308333333333,-78.1846666666667,"GL6B",24.1,12.5,22.5,24.83,2019-07-30 10:28:00,2019-07-31 11:18:00,"5.0",20.6,24.1,24.1
2019,"LOA_IA19_GL1",177,"CB","CB23",43.9308333333333,-78.1846666666667,"GL6B",24.1,12.5,22.5,24.83,2019-07-30 10:28:00,2019-07-31 11:18:00,"5.0",20.6,24.1,24.1
2019,"LOA_IA19_GL1",178,"CB","CB28",43.9248333333333,-78.1685,"GL6B",29,8.6,27.5,24.98,2019-07-30 10:39:00,2019-07-31 11:38:00,"7.0",20.8,28.9,29.1
2019,"LOA_IA19_GL1",179,"CB","CB28",43.9248333333333,-78.1685,"GL6B",29,8.6,27.5,24.98,2019-07-30 10:39:00,2019-07-31 11:38:00,"7.0",20.8,28.9,29.1
2019,"LOA_IA19_GL1",180,"CB","0040",43.9103333333333,-78.1663333333333,"GL6C",41.5,6.3,40,20.7,2019-07-29 14:14:00,2019-07-30 10:56:00,"7.5",21.4,41.2,41.8
2019,"LOA_IA19_GL1",181,"CB","0040",43.9103333333333,-78.1663333333333,"GL6C",41.5,6.3,40,20.7,2019-07-29 14:14:00,2019-07-30 10:56:00,"7.5",21.4,41.2,41.8
2019,"LOA_IA19_GL1",182,"CB","0040",43.9103333333333,-78.1663333333333,"GL6C",41.5,6.3,40,20.7,2019-07-29 14:14:00,2019-07-30 10:56:00,"7.5",21.4,41.2,41.8
2019,"LOA_IA19_GL1",183,"CB","0050",43.888,-78.1611666666667,"GL6C",51.4,4.9,50,21.88,2019-07-29 13:49:00,2019-07-30 11:42:00,"8.0",20.8,51.4,51.4
2019,"LOA_IA19_GL1",184,"CB","0050",43.888,-78.1611666666667,"GL6C",51.4,4.9,50,21.88,2019-07-29 13:49:00,2019-07-30 11:42:00,"8.0",20.8,51.4,51.4
2019,"LOA_IA19_GL1",185,"CB","0050",43.888,-78.1611666666667,"GL6C",51.4,4.9,50,21.88,2019-07-29 13:49:00,2019-07-30 11:42:00,"8.0",20.8,51.4,51.4
2019,"LOA_IA19_GL1",186,"CB","0060",43.8768333333333,-78.1526666666667,"GL6C",62.4,5.4,60,22.86,2019-07-29 13:28:00,2019-07-30 12:20:00,"8.5",20.8,62.1,62.5
2019,"LOA_IA19_GL1",187,"CB","0060",43.8768333333333,-78.1526666666667,"GL6C",62.4,5.4,60,22.86,2019-07-29 13:28:00,2019-07-30 12:20:00,"8.5",20.8,62.1,62.5
2019,"LOA_IA19_GL1",188,"CB","0060",43.8768333333333,-78.1526666666667,"GL6C",62.4,5.4,60,22.86,2019-07-29 13:28:00,2019-07-30 12:20:00,"8.5",20.8,62.1,62.5
2019,"LOA_IA19_GL1",189,"CB","0080",43.8006666666667,-78.1583333333333,"GL6C",82.4,4,80,24.56,2019-07-29 12:44:00,2019-07-30 13:18:00,"8.0",19.5,81.2,82.8
2019,"LOA_IA19_GL1",190,"CB","0080",43.8006666666667,-78.1583333333333,"GL6C",82.4,4,80,24.56,2019-07-29 12:44:00,2019-07-30 13:18:00,"8.0",19.5,81.2,82.8
2019,"LOA_IA19_GL1",191,"CB","0080",43.8006666666667,-78.1583333333333,"GL6C",82.4,4,80,24.56,2019-07-29 12:44:00,2019-07-30 13:18:00,"8.0",19.5,81.2,82.8
2019,"LOA_IA19_GL1",192,"CB","0100",43.7643333333333,-78.1473333333333,"GL6C",102,3.9,100,25.85,2019-07-29 12:14:00,2019-07-30 14:05:00,"7.5",19.7,102,102
2019,"LOA_IA19_GL1",193,"CB","0100",43.7643333333333,-78.1473333333333,"GL6C",102,3.9,100,25.85,2019-07-29 12:14:00,2019-07-30 14:05:00,"7.5",19.7,102,102
2019,"LOA_IA19_GL1",194,"CB","0100",43.7643333333333,-78.1473333333333,"GL6C",102,3.9,100,25.85,2019-07-29 12:14:00,2019-07-30 14:05:00,"7.5",19.7,102,102
2019,"LOA_IA19_GL1",195,"CB","0140",43.7175,-78.1246666666667,"GL6C",138,3.9,140,27.53,2019-07-29 11:38:00,2019-07-30 15:10:00,"8.0",19.5,138,138
2019,"LOA_IA19_GL1",196,"CB","0140",43.7175,-78.1246666666667,"GL6C",138,3.9,140,27.53,2019-07-29 11:38:00,2019-07-30 15:10:00,"8.0",19.5,138,138
2019,"LOA_IA19_GL1",197,"CB","0140",43.7175,-78.1246666666667,"GL6C",138,3.9,140,27.53,2019-07-29 11:38:00,2019-07-30 15:10:00,"8.0",19.5,138,138
2019,"LOA_IA19_GL1",198,"HB","HB08",44.1093333333333,-77.0258333333333,"GL6B",7.5,20.6,7.5,23.31,2019-07-29 09:44:00,2019-07-30 09:03:00,"2.0",24.8,7.5,7.9
2019,"LOA_IA19_GL1",199,"HB","HB13",44.0948333333333,-77.0706666666667,"GL6B",12.5,13.2,12.5,23.28,2019-07-29 10:02:00,2019-07-30 09:19:00,"2.0",24.1,13.2,13.6
2019,"LOA_IA19_GL1",200,"MB","M091",44.0308333333333,-77.1335,"GL6B",6,19.5,6,22.9,2019-07-29 11:03:00,2019-07-30 09:57:00,"3.9",21.6,5.1,6.1
2019,"LOA_IA19_GL1",201,"MB","M080",44.0533333333333,-77.0796666666667,"GL6B",14.4,10.1,20,23.15,2019-07-29 10:30:00,2019-07-30 09:39:00,"3.0",23.2,14.1,14.6
2019,"LOA_IA19_GL1",202,"WH","WH08",43.8445,-78.868,"GL6B",8,12.1,7.5,24.85,2019-07-31 11:30:00,2019-08-01 12:21:00,"4.0",16.7,6.4,8.8
2019,"LOA_IA19_GL1",203,"WH","WH08",43.8445,-78.868,"GL6B",8,12.1,7.5,24.85,2019-07-31 11:30:00,2019-08-01 12:21:00,"4.0",16.7,6.4,8.8
2019,"LOA_IA19_GL1",204,"WH","WH13",43.841,-78.865,"GL6B",12.5,11,12.5,24.35,2019-07-31 11:16:00,2019-08-01 11:37:00,"3.75",16.4,11,13.8
2019,"LOA_IA19_GL1",205,"WH","WH13",43.841,-78.865,"GL6B",12.5,11,12.5,24.35,2019-07-31 11:16:00,2019-08-01 11:37:00,"3.75",16.4,11,13.8
2019,"LOA_IA19_GL1",206,"WH","WH18",43.8333333333333,-78.8666666666667,"GL6B",18,10.2,17.5,23.86,2019-07-31 11:01:00,2019-08-01 10:53:00,"4.75",17.1,17.3,18.6
2019,"LOA_IA19_GL1",207,"WH","WH18",43.8333333333333,-78.8666666666667,"GL6B",18,10.2,17.5,23.86,2019-07-31 11:01:00,2019-08-01 10:53:00,"4.75",17.1,17.3,18.6
2019,"LOA_IA19_GL1",208,"WH","WH23",43.8335,-78.8625,"GL6B",22.8,7.3,22.5,23.76,2019-07-31 10:44:00,2019-08-01 10:30:00,"5.5",17.1,21.8,23.8
2019,"LOA_IA19_GL1",209,"WH","WH23",43.8335,-78.8625,"GL6B",22.8,7.3,22.5,23.76,2019-07-31 10:44:00,2019-08-01 10:30:00,"5.5",17.1,21.8,23.8
2019,"LOA_IA19_GL1",210,"WH","WH28",43.8255,-78.8688333333333,"GL6B",26.9,6.21,27.5,23.66,2019-07-31 10:24:00,2019-08-01 10:04:00,"6.0",17.3,26.2,27.2
2019,"LOA_IA19_GL1",211,"WH","WH28",43.8255,-78.8688333333333,"GL6B",26.9,6.21,27.5,23.66,2019-07-31 10:24:00,2019-08-01 10:04:00,"6.0",17.3,26.2,27.2
2019,"LOA_IA19_GL1",212,"RP","RP08",43.9171666666667,-76.8738333333333,"GL6B",7.7,22.6,7.5,23.05,2019-08-06 12:24:00,2019-08-07 11:27:00,"6.0",23.4,7.2,8.1
2019,"LOA_IA19_GL1",213,"RP","RP08",43.9171666666667,-76.8738333333333,"GL6B",7.7,22.6,7.5,23.05,2019-08-06 12:24:00,2019-08-07 11:27:00,"6.0",23.4,7.2,8.1
2019,"LOA_IA19_GL1",214,"RP","RP13",43.9105,-76.8913333333333,"GL6B",12.7,20.7,12.5,23.06,2019-08-06 12:07:00,2019-08-07 11:11:00,"6.0",23.3,12.1,13.2
2019,"LOA_IA19_GL1",215,"RP","RP13",43.9105,-76.8913333333333,"GL6B",12.7,20.7,12.5,23.06,2019-08-06 12:07:00,2019-08-07 11:11:00,"6.0",23.3,12.1,13.2
2019,"LOA_IA19_GL1",216,"RP","RP18",43.9011666666667,-76.8743333333333,"GL6B",18.6,16.5,17.5,23.11,2019-08-06 11:43:00,2019-08-07 10:50:00,"7.0",23.5,18.3,18.9
2019,"LOA_IA19_GL1",217,"RP","RP18",43.9011666666667,-76.8743333333333,"GL6B",18.6,16.5,17.5,23.11,2019-08-06 11:43:00,2019-08-07 10:50:00,"7.0",23.5,18.3,18.9
2019,"LOA_IA19_GL1",218,"RP","RP23",43.8866666666667,-76.8628333333333,"GL6B",23.5,16.1,22.5,23.18,2019-08-06 11:17:00,2019-08-07 10:28:00,"7.0",23.5,22.9,24.1
2019,"LOA_IA19_GL1",219,"RP","RP23",43.8866666666667,-76.8628333333333,"GL6B",23.5,16.1,22.2,23.18,2019-08-06 11:17:00,2019-08-07 10:28:00,"7.0",23.5,22.9,24.1
2019,"LOA_IA19_GL1",220,"RP","RP28",43.8795,-76.8598333333333,"GL6B",28.7,11,27.5,23.23,2019-08-06 10:55:00,2019-08-07 10:09:00,"1.5",23.6,27.2,30.1
2019,"LOA_IA19_GL1",221,"RP","RP28",43.8795,-76.8598333333333,"GL6B",28.7,11,27.5,23.23,2019-08-06 10:55:00,2019-08-07 10:09:00,"1.5",23.6,27.2,30.1
2019,"LOA_IA19_GL1",222,"PD","PD08",43.216,-79.264,"GL6B",8.2,19.3,7.5,19.28,2019-08-06 15:05:00,2019-08-07 10:22:00,"3.25",20.8,7.4,9.1
2019,"LOA_IA19_GL1",223,"PD","PD08",43.216,-79.264,"GL6B",8.2,19.3,7.5,19.28,2019-08-06 15:05:00,2019-08-07 10:22:00,"3.25",20.8,7.4,9.1
2019,"LOA_IA19_GL1",224,"PD","PD13",43.225,-79.2676666666667,"GL6B",13.8,18.4,12.5,19.25,2019-08-06 14:50:00,2019-08-07 10:05:00,"5.5",20,13.3,14.1
2019,"LOA_IA19_GL1",225,"PD","PD13",43.225,-79.2676666666667,"GL6B",13.8,18.4,12.5,19.25,2019-08-06 14:50:00,2019-08-07 10:05:00,"5.5",20,13.3,14.1
2019,"LOA_IA19_GL1",226,"PD","PD18",43.2315,-79.2673333333333,"GL6B",18.1,10.6,17.5,19.2,2019-08-06 14:34:00,2019-08-07 09:46:00,"6.0",21.2,17.7,18.3
2019,"LOA_IA19_GL1",227,"PD","PD18",43.2315,-79.2673333333333,"GL6B",18.1,10.6,17.5,19.2,2019-08-06 14:34:00,2019-08-07 09:46:00,"6.0",21.2,17.7,18.3
2019,"LOA_IA19_GL1",228,"PD","PD23",43.2385,-79.271,"GL6B",23.2,8.9,22.5,20.08,2019-08-06 13:15:00,2019-08-07 09:20:00,"6.5",21,23,24
2019,"LOA_IA19_GL1",229,"PD","PD23",43.2385,-79.271,"GL6B",23.2,8.9,22.5,20.08,2019-08-06 13:15:00,2019-08-07 09:20:00,"6.5",21,23,24
2019,"LOA_IA19_GL1",230,"PD","PD28",43.2441666666667,-79.2745,"GL6B",28.1,6.2,27.5,20.01,2019-08-06 12:55:00,2019-08-07 08:56:00,"6.5",20.7,27.4,29.3
2019,"LOA_IA19_GL1",231,"PD","PD28",43.2441666666667,-79.2745,"GL6B",28.1,6.2,27.5,20.01,2019-08-06 12:55:00,2019-08-07 08:56:00,"6.5",20.7,27.4,29.3
2019,"LOA_IA19_GL1",232,"PC","PC08",43.5363333333333,-79.5818333333333,"GL6B",8.6,17.4,7.5,19.86,2019-08-06 13:36:00,2019-08-07 09:28:00,"7.5",20.3,8.4,8.6
2019,"LOA_IA19_GL1",233,"PC","PC08",43.5363333333333,-79.5818333333333,"GL6B",8.6,17.4,7.5,19.86,2019-08-06 13:36:00,2019-08-07 09:28:00,"7.5",20.3,8.4,8.6
2019,"LOA_IA19_GL1",234,"PC","PC13",43.5291666666667,-79.569,"GL6B",13.1,16.6,12.5,19.95,2019-08-06 13:50:00,2019-08-07 09:47:00,"6.5",21.2,13.1,13.1
2019,"LOA_IA19_GL1",235,"PC","PC13",43.5291666666667,-79.569,"GL6B",13.1,16.6,12.5,19.95,2019-08-06 13:50:00,2019-08-07 09:47:00,"6.5",21.2,13.1,13.1
2019,"LOA_IA19_GL1",236,"PC","PC18",43.5258333333333,-79.5616666666667,"GL6B",18.4,13.8,17.5,20.1,2019-08-06 13:59:00,2019-08-07 10:05:00,"7.5",21,18.2,18.5
2019,"LOA_IA19_GL1",237,"PC","PC18",43.5258333333333,-79.5616666666667,"GL6B",18.4,13.8,17.5,20.1,2019-08-06 13:59:00,2019-08-07 10:05:00,"7.5",21,18.2,18.5
2019,"LOA_IA19_GL1",238,"PC","PC23",43.5245,-79.5593333333333,"GL6B",24.1,11.1,22.5,20.16,2019-08-06 14:11:00,2019-08-07 10:21:00,"7.5",21.2,23.8,24.2
2019,"LOA_IA19_GL1",239,"PC","PC23",43.5245,-79.5593333333333,"GL6B",24.1,11.1,22.5,20.16,2019-08-06 14:11:00,2019-08-07 10:21:00,"7.5",21.2,23.8,24.2
2019,"LOA_IA19_GL1",240,"PC","PC28",43.5223333333333,-79.5525,"GL6C",28.3,10.1,27.5,20.35,2019-08-06 14:21:00,2019-08-07 10:42:00,"8.5",21.2,28.1,28.5
2019,"LOA_IA19_GL1",241,"PC","PC28",43.5223333333333,-79.5525,"GL6C",28.3,10.1,27.5,20.35,2019-08-06 14:21:00,2019-08-07 10:42:00,"8.5",21.2,28.1,28.5
2019,"LOA_IA19_GL1",242,"PC","0040",43.5453333333333,-79.4966666666667,"GL6C",40.5,8.1,40,22.1,2019-08-07 11:18:00,2019-08-08 09:24:00,"9.0",22.3,39.8,41.2
2019,"LOA_IA19_GL1",243,"PC","0040",43.5453333333333,-79.4966666666667,"GL6C",40.5,8.1,40,22.1,2019-08-07 11:18:00,2019-08-08 09:24:00,"9.0",22.3,39.8,41.2
2019,"LOA_IA19_GL1",244,"PC","0040",43.5453333333333,-79.4966666666667,"GL6C",40.5,8.1,40,22.1,2019-08-07 11:18:00,2019-08-08 09:24:00,"9.0",22.3,39.8,41.2
2019,"LOA_IA19_GL1",245,"PC","0050",43.545,-79.4753333333333,"GL6C",50.8,5.4,50,22.36,2019-08-07 11:33:00,2019-08-08 09:55:00,"8.0",22.6,50.8,50.8
2019,"LOA_IA19_GL1",246,"PC","0050",43.545,-79.4753333333333,"GL6C",50.8,5.4,50,22.36,2019-08-07 11:33:00,2019-08-08 09:55:00,"8.0",22.6,50.8,50.8
2019,"LOA_IA19_GL1",247,"PC","0050",43.545,-79.4753333333333,"GL6C",50.8,5.4,50,22.36,2019-08-07 11:33:00,2019-08-08 09:55:00,"8.0",22.6,50.8,50.8
2019,"LOA_IA19_GL1",248,"PC","0060",43.5356666666667,-79.4696666666667,"GL6C",60.6,4.5,60,22.6,2019-08-07 11:48:00,2019-08-08 10:24:00,"8.5",22.3,60.2,60.8
2019,"LOA_IA19_GL1",249,"PC","0060",43.5356666666667,-79.4696666666667,"GL6C",60.6,4.5,60,22.6,2019-08-07 11:48:00,2019-08-08 10:24:00,"8.5",22.3,60.2,60.8
2019,"LOA_IA19_GL1",250,"PC","0060",43.5356666666667,-79.4696666666667,"GL6C",60.6,4.5,60,22.6,2019-08-07 11:48:00,2019-08-08 10:24:00,"8.5",22.3,60.2,60.8
2019,"LOA_IA19_GL1",251,"PC","0080",43.5305,-79.4206666666667,"GL6C",79.8,4.3,80,22.93,2019-08-07 12:14:00,2019-08-08 11:10:00,"9.0",22.8,79.5,80.2
2019,"LOA_IA19_GL1",252,"PC","0080",43.5305,-79.4206666666667,"GL6C",79.8,4.3,80,22.93,2019-08-07 12:14:00,2019-08-08 11:10:00,"9.0",22.8,79.5,80.2
2019,"LOA_IA19_GL1",253,"PC","0080",43.5305,-79.4206666666667,"GL6C",79.8,4.3,80,22.93,2019-08-07 12:14:00,2019-08-08 11:10:00,"9.0",22.8,79.5,80.2
2019,"LOA_IA19_GL1",254,"PC","0100",43.5251666666667,-79.3831666666667,"GL6C",99.5,4.1,100,23.03,2019-08-07 12:56:00,2019-08-08 11:58:00,"8.5",21.9,99.4,99.7
2019,"LOA_IA19_GL1",255,"PC","0100",43.5251666666667,-79.3831666666667,"GL6C",99.5,4.1,100,23.03,2019-08-07 12:56:00,2019-08-08 11:58:00,"8.5",21.9,99.4,99.7
2019,"LOA_IA19_GL1",256,"PC","0100",43.5251666666667,-79.3831666666667,"GL6C",99.5,4.1,100,23.03,2019-08-07 12:56:00,2019-08-08 11:58:00,"8.5",21.9,99.4,99.7
2019,"LOA_IA19_GL1",257,"PC","0140",43.5093333333333,-79.1598333333333,"GL6C",140,3.1,140,23.56,2019-08-07 14:11:00,2019-08-08 13:45:00,"7.0",22.8,140,140
2019,"LOA_IA19_GL1",258,"PC","0140",43.5093333333333,-79.1598333333333,"GL6C",140,3.1,140,23.56,2019-08-07 14:11:00,2019-08-08 13:45:00,"7.0",22.8,140,140
2019,"LOA_IA19_GL1",259,"PC","0140",43.5093333333333,-79.1598333333333,"GL6C",140,3.1,140,23.56,2019-08-07 14:11:00,2019-08-08 13:45:00,"7.0",22.8,140,140
2019,"LOA_IA19_GL1",260,"CO","CO45",44.0981666666667,-76.9023333333333,"GL6B",43.5,NA,45,23.71,2019-08-07 10:40:00,2019-08-08 10:23:00,"3.5",23.5,42.6,45.2
2019,"LOA_IA19_GL1",261,"CO","CO30",44.1055,-76.9046666666667,"GL6B",32,9,30,23.71,2019-08-07 11:07:00,2019-08-08 10:50:00,"4.5",23.5,31.9,32.3
2019,"LOA_IA19_GL1",262,"CO","CO20",44.1065,-76.9095,"GL6B",21.6,16.6,20,23.75,2019-08-07 11:20:00,2019-08-08 11:05:00,"4.0",23.2,21.4,21.7
2019,"LOA_IA19_GL1",263,"CO","CO13",44.108,-76.9106666666667,"GL6B",12,22.2,12.5,23.76,2019-08-07 11:35:00,2019-08-08 11:21:00,"6.0",23.2,11.8,12.4
2019,"LOA_IA19_GL1",264,"CO","CO08",44.1101666666667,-76.9106666666667,"GL6B",9.2,22.6,7.5,23.7,2019-08-07 11:50:00,2019-08-08 11:32:00,"3.5",23.8,8.9,9.5
2019,"LOA_IA19_GL1",265,"LB","L046",44.0996666666667,-76.9011666666667,"GL6B",43.2,NA,50,22.26,2019-08-07 12:15:00,2019-08-08 10:31:00,"3.5",23.5,42.2,45.2
2019,"LOA_IA19_GL1",266,"LB","L047",44.0896666666667,-76.9031666666667,"GL6B",45,8,50,23.61,2019-08-07 12:15:00,2019-08-08 11:52:00,"4.5",23.7,43.9,46
2019,"LOA_IA19_GL1",267,"LB","L043",44.0721666666667,-76.9251666666667,"GL6B",25.2,13,35,23.25,2019-08-07 12:55:00,2019-08-08 12:10:00,"3.5",23.7,24.3,26.2
2019,"LOA_IA19_GL1",268,"LB","L025",44.0688333333333,-76.9555,"GL6B",28.5,9.5,35,23.11,2019-08-07 13:23:00,2019-08-08 12:30:00,"4.5",23.2,26.5,30.5
2019,"LOA_IA19_GL1",269,"LB","L034",44.0943333333333,-76.9256666666667,"GL6B",25,15.3,35,23.03,2019-08-07 13:50:00,2019-08-08 12:52:00,"4.0",23.7,24,26
2019,"LOA_IA19_GL1",270,"WE","WE08",43.9391666666667,-77.3321666666667,"GL6B",8.1,20,7.5,23.35,2019-08-14 11:26:00,2019-08-15 10:47:00,"7.0",20.8,8,8.3
2019,"LOA_IA19_GL1",271,"WE","WE08",43.9391666666667,-77.3321666666667,"GL6B",8.1,20,7.5,23.35,2019-08-14 11:26:00,2019-08-15 10:47:00,"7.0",20.8,8,8.3
2019,"LOA_IA19_GL1",272,"WE","WE13",43.925,-77.3368333333333,"GL6B",13.2,20.8,12.5,23.31,2019-08-14 11:09:00,2019-08-15 10:28:00,"8.0",21.3,13,14.3
2019,"LOA_IA19_GL1",273,"WE","WE13",43.925,-77.3368333333333,"GL6B",13.2,20.8,12.5,23.31,2019-08-14 11:09:00,2019-08-15 10:28:00,"8.0",21.3,13,14.3
2019,"LOA_IA19_GL1",274,"WE","WE18",43.9193333333333,-77.3391666666667,"GL6B",17.6,19.6,17.5,23.2,2019-08-14 10:54:00,2019-08-15 10:06:00,"8.0",21.5,17.3,17.6
2019,"LOA_IA19_GL1",275,"WE","WE18",43.9193333333333,-77.3391666666667,"GL6B",17.6,19.6,17.5,23.2,2019-08-14 10:54:00,2019-08-15 10:06:00,"8.0",21.5,17.3,17.6
2019,"LOA_IA19_GL1",276,"WE","WE23",43.8976666666667,-77.343,"GL6B",23.1,20.9,22.5,23.15,2019-08-14 10:34:00,2019-08-15 09:43:00,"8.0",21.8,22.8,23.5
2019,"LOA_IA19_GL1",277,"WE","WE23",43.8976666666667,-77.343,"GL6B",23.1,20.9,22.5,23.15,2019-08-14 10:34:00,2019-08-15 09:43:00,"8.0",21.8,22.8,23.5
2019,"LOA_IA19_GL1",278,"WE","WE28",43.8943333333333,-77.3455,"GL6B",28.1,13.9,27.5,23.05,2019-08-14 10:17:00,2019-08-15 09:20:00,"8.0",22,28,28.5
2019,"LOA_IA19_GL1",279,"WE","WE28",43.8943333333333,-77.3455,"GL6B",28.1,13.9,27.5,23.05,2019-08-14 10:17:00,2019-08-15 09:20:00,"8.0",22,28,28.5
2019,"LOA_IA19_GL1",280,"BR","BR08",43.992,-77.6801666666667,"GL6B",9.6,8,7.5,23.58,2019-08-12 11:31:00,2019-08-13 11:06:00,"6.0",12.8,9.2,9.8
2019,"LOA_IA19_GL1",281,"BR","BR08",43.992,-77.6801666666667,"GL6B",9.6,8,7.5,23.58,2019-08-12 11:31:00,2019-08-13 11:06:00,"6.0",12.8,9.2,9.8
2019,"LOA_IA19_GL1",282,"BR","BR13",43.9848333333333,-77.6796666666667,"GL6B",15.2,7.9,12.5,23.51,2019-08-12 11:18:00,2019-08-13 10:49:00,"6.0",12.6,14.9,15.4
2019,"LOA_IA19_GL1",283,"BR","BR13",43.9848333333333,-77.6796666666667,"GL6B",15.2,7.9,12.5,23.51,2019-08-12 11:18:00,2019-08-13 10:49:00,"6.0",12.6,14.9,15.4
2019,"LOA_IA19_GL1",284,"BR","BR18",43.9793333333333,-77.6786666666667,"GL6B",19.6,7.7,17.5,23.38,2019-08-12 11:07:00,2019-08-13 10:30:00,"6.5",13.8,19.5,19.8
2019,"LOA_IA19_GL1",285,"BR","BR18",43.9793333333333,-77.6786666666667,"GL6B",19.6,7.7,17.5,23.38,2019-08-12 11:07:00,2019-08-13 10:30:00,"6.5",13.8,19.5,19.8
2019,"LOA_IA19_GL1",286,"BR","BR23",43.9525,-77.6756666666667,"GL6B",25.4,6.6,22.5,23.25,2019-08-12 10:52:00,2019-08-13 10:07:00,"7.0",14.6,25.2,25.5
2019,"LOA_IA19_GL1",287,"BR","BR23",43.9525,-77.6756666666667,"GL6B",25.4,6.6,22.5,23.25,2019-08-12 10:52:00,2019-08-13 10:07:00,"7.0",14.6,25.2,25.5
2019,"LOA_IA19_GL1",288,"BR","BR28",43.9378333333333,-77.6705,"GL6B",30.5,6,27.5,23.2,2019-08-12 10:35:00,2019-08-13 09:47:00,"8.0",15.3,30.4,30.7
2019,"LOA_IA19_GL1",289,"BR","BR28",43.9378333333333,-77.6705,"GL6B",30.5,6,27.5,23.2,2019-08-12 10:35:00,2019-08-13 09:47:00,"8.0",15.3,30.4,30.7
2019,"LOA_IA19_GL1",290,"MG","MG05",44.0151666666667,-77.645,"GL6B",6.8,10.8,5,23.51,2019-08-12 11:57:00,2019-08-13 11:28:00,"4.0",14.9,6.5,7.1
2019,"LOA_IA19_GL1",291,"MG","MG05",44.0151666666667,-77.645,"GL6B",6.8,10.8,5,23.51,2019-08-12 11:57:00,2019-08-13 11:28:00,"4.0",14.9,6.5,7.1
2019,"LOA_IA19_GL1",292,"WH","WH08",43.8441666666667,-78.8666666666667,"GL6B",7.8,7.1,7.5,23.9,2019-08-12 12:27:00,2019-08-13 12:21:00,"7.5",13.4,7.4,8.3
2019,"LOA_IA19_GL1",293,"WH","WH08",43.8441666666667,-78.8666666666667,"GL6B",7.8,7.1,7.5,23.9,2019-08-12 12:27:00,2019-08-13 12:21:00,"7.5",13.4,7.4,8.3
2019,"LOA_IA19_GL1",294,"WH","WH13",43.8405,-78.866,"GL6B",12.5,6.3,12.5,23.76,2019-08-12 12:13:00,2019-08-13 11:59:00,"9.0",13.9,12.3,12.6
2019,"LOA_IA19_GL1",295,"WH","WH13",43.8405,-78.866,"GL6B",12.5,6.3,12.5,23.76,2019-08-12 12:13:00,2019-08-13 11:59:00,"9.0",13.9,12.3,12.6
2019,"LOA_IA19_GL1",296,"WH","WH18",43.837,-78.8661666666667,"GL6B",17.7,5.6,17.5,23.6,2019-08-12 12:00:00,2019-08-13 11:36:00,"9.0",14.2,17.5,18.3
2019,"LOA_IA19_GL1",297,"WH","WH18",43.837,-78.8661666666667,"GL6B",17.7,5.6,17.5,23.6,2019-08-12 12:00:00,2019-08-13 11:36:00,"9.0",14.2,17.5,18.3
2019,"LOA_IA19_GL1",298,"WH","WH23",43.8335,-78.8663333333333,"GL6B",22.3,4.8,22.5,23.41,2019-08-12 11:52:00,2019-08-13 11:17:00,"9.0",14.5,21.3,22.7
2019,"LOA_IA19_GL1",299,"WH","WH23",43.8335,-78.8663333333333,"GL6B",22.3,4.8,22.5,23.41,2019-08-12 11:52:00,2019-08-13 11:17:00,"9.0",14.5,21.3,22.7
2019,"LOA_IA19_GL1",300,"WH","WH28",43.8266666666667,-78.8648333333333,"GL6B",26.9,4.4,27.5,23.33,2019-08-12 11:36:00,2019-08-13 10:56:00,"9.0",14.5,26.8,27.5
2019,"LOA_IA19_GL1",301,"WH","WH28",43.8266666666667,-78.8648333333333,"GL6B",26.9,4.4,27.5,23.33,2019-08-12 11:36:00,2019-08-13 10:56:00,"9.0",14.5,26.8,27.5
2019,"LOA_IA19_GL1",302,"CB","CB28",43.9275,-78.181,"GL6B",29.3,4.9,27.5,23.7,2019-08-12 10:43:00,2019-08-13 10:25:00,"7.8",11.4,29.1,29.6
2019,"LOA_IA19_GL1",303,"CB","CB28",43.9275,-78.181,"GL6B",29.3,4.9,27.5,23.7,2019-08-12 10:43:00,2019-08-13 10:25:00,"7.8",11.4,29.1,29.6
2019,"LOA_IA19_GL1",304,"CB","CB23",43.9323333333333,-78.1806666666667,"GL6B",24.3,5,22.5,23.71,2019-08-12 11:06:00,2019-08-13 10:49:00,"7.7",11,24.1,24.6
2019,"LOA_IA19_GL1",305,"CB","CB23",43.9323333333333,-78.1806666666667,"GL6B",24.3,5,22.5,23.71,2019-08-12 11:06:00,2019-08-13 10:49:00,"7.7",11,24.1,24.6
2019,"LOA_IA19_GL1",306,"CB","CB18",43.9376666666667,-78.1838333333333,"GL6B",18.7,5.2,17.5,23.76,2019-08-12 11:22:00,2019-08-13 11:08:00,"8.0",11.4,18.1,19.3
2019,"LOA_IA19_GL1",307,"CB","CB18",43.9376666666667,-78.1838333333333,"GL6B",18.7,5.2,17.5,23.76,2019-08-12 11:22:00,2019-08-13 11:08:00,"8.0",11.4,18.1,19.3
2019,"LOA_IA19_GL1",308,"CB","CB13",43.946,-78.188,"GL6B",12.8,5.6,12.5,23.85,2019-08-12 11:37:00,2019-08-13 11:28:00,"9.3",12.6,12.3,13.4
2019,"LOA_IA19_GL1",309,"CB","CB13",43.946,-78.188,"GL6B",12.8,5.6,12.5,23.85,2019-08-12 11:37:00,2019-08-13 11:28:00,"9.3",12.6,12.3,13.4
2019,"LOA_IA19_GL1",310,"CB","CB08",43.952,-78.1908333333333,"GL6B",7.6,6.4,7.5,24,2019-08-12 11:48:00,2019-08-13 11:48:00,"7.5",9.7,7.3,8.1
2019,"LOA_IA19_GL1",311,"CB","CB08",43.952,-78.1908333333333,"GL6B",7.6,6.4,7.5,24,2019-08-12 11:48:00,2019-08-13 11:48:00,"7.5",9.7,7.3,8.1
2019,"LOA_IA19_GL1",312,"BB","BB05",44.1535,-77.2261666666667,"GL6B",5,23.8,5,23.55,2019-08-19 10:10:00,2019-08-20 09:43:00,"2.5",24,5.8,6.7
2019,"LOA_IA19_GL1",313,"MB","M004",44.1531666666667,-77.0588333333333,"GL6B",11.5,17.9,12,23.2,2019-08-19 11:28:00,2019-08-20 10:40:00,"2.5",24,11.3,12.2
2019,"LOA_IA19_GL1",314,"DE","DE05",44.1723333333333,-77.0558333333333,"GL6B",5,23.8,5,23.38,2019-08-19 11:01:00,2019-08-20 10:24:00,"4.5",24.1,5,5.5
2019,"LOA_IA19_GL1",315,"MB","M010",44.1111666666667,-77.08,"GL6B",2.5,23.1,3,22.7,2019-08-19 12:16:00,2019-08-20 10:58:00,"2.5",23.9,1.8,3.3
2019,"LOA_IA19_GL1",316,"PC","PC28",43.5211666666667,-79.5568333333333,"GL6B",27.8,13.6,27.5,20.28,2019-08-19 14:18:00,2019-08-20 10:35:00,"6.5",20.7,27.4,28.4
2019,"LOA_IA19_GL1",317,"PC","PC28",43.2211666666667,-79.5568333333333,"GL6B",27.8,13.6,27.5,20.28,2019-08-19 14:18:00,2019-08-20 10:35:00,"6.5",20.7,27.4,28.4
2019,"LOA_IA19_GL1",318,"PC","PC23",43.5236666666667,-79.5613333333333,"GL6B",23.3,13.7,22.5,19.26,2019-08-19 14:40:00,2019-08-20 09:56:00,"5.5",20.5,22.4,24
2019,"LOA_IA19_GL1",319,"PC","PC23",43.5236666666667,-79.5613333333333,"GL6B",23.3,13.7,22.5,19.26,2019-08-19 14:40:00,2019-08-20 09:56:00,"5.5",20.5,22.4,24
2019,"LOA_IA19_GL1",320,"PC","PC18",43.5268333333333,-79.5678333333333,"GL6B",17.1,14,17.5,18.5,2019-08-19 15:02:00,2019-08-20 09:32:00,"5.0",20.6,16.2,18
2019,"LOA_IA19_GL1",321,"PC","PC18",43.5268333333333,-79.5678333333333,"GL6B",17.1,14,17.5,18.5,2019-08-19 15:02:00,2019-08-20 09:32:00,"5.0",20.6,16.2,18
2019,"LOA_IA19_GL1",322,"PC","PC13",43.5278333333333,-79.5725,"GL6B",13.3,14.5,12.5,17.75,2019-08-19 15:23:00,2019-08-20 09:08:00,"4.5",20.6,13.1,14
2019,"LOA_IA19_GL1",323,"PC","PC13",43.5278333333333,-79.5725,"GL6B",13.3,14.5,12.5,17.75,2019-08-19 15:23:00,2019-08-20 09:08:00,"4.5",20.6,13.1,14
2019,"LOA_IA19_GL1",324,"PC","PC08",43.5353333333333,-79.5845,"GL6B",7.6,16.6,7.5,16.81,2019-08-19 15:51:00,2019-08-20 08:40:00,"3.5",20,7.3,7.8
2019,"LOA_IA19_GL1",325,"PC","PC08",43.5353333333333,-79.5845,"GL6B",7.6,16.6,7.5,16.81,2019-08-19 15:51:00,2019-08-20 08:40:00,"3.5",20,7.3,7.8
2019,"LOA_IA19_GL1",326,"PD","PD28",43.2436666666667,-79.273,"GL6B",28.6,8.7,27.5,18.3,2019-08-20 14:41:00,2019-08-21 08:59:00,"7.0",21.8,28.2,29
2019,"LOA_IA19_GL1",327,"PD","PD28",43.2436666666667,-79.273,"GL6B",28.6,8.7,27.5,18.3,2019-08-20 14:41:00,2019-08-21 08:59:00,"7.0",21.8,28.2,29
2019,"LOA_IA19_GL1",328,"PD","PD23",43.2385,-79.2703333333333,"GL6B",23.2,10.4,22.5,18.35,2019-08-20 15:01:00,2019-08-21 09:22:00,"6.75",23,22.7,23.9
2019,"LOA_IA19_GL1",329,"PD","PD23",43.2385,-79.2703333333333,"GL6B",23.2,10.4,22.5,18.35,2019-08-20 15:01:00,2019-08-21 09:22:00,"6.75",23,22.7,23.9
2019,"LOA_IA19_GL1",330,"PD","PD18",43.233,-79.265,"GL6B",18,15.1,17.5,18.48,2019-08-20 15:17:00,2019-08-21 09:46:00,"2.0",22.5,17.7,18.4
2019,"LOA_IA19_GL1",331,"PD","PD18",43.233,-79.265,"GL6B",18,15.1,17.5,18.48,2019-08-20 15:17:00,2019-08-21 09:46:00,"2.0",22.5,17.7,18.4
2019,"LOA_IA19_GL1",332,"PD","PD13",43.2253333333333,-79.2638333333333,"GL6B",13.3,15.5,12.5,18.58,2019-08-20 15:33:00,2019-08-21 10:08:00,"1.5",22.4,13,13.9
2019,"LOA_IA19_GL1",333,"PD","PD13",43.2253333333333,-79.2638333333333,"GL6B",13.3,15.5,12.5,18.58,2019-08-20 15:33:00,2019-08-21 10:08:00,"1.5",22.4,13,13.9
2019,"LOA_IA19_GL1",334,"PD","PD08",43.2163333333333,-79.2626666666667,"GL6B",7.8,18.6,7.5,18.73,2019-08-20 15:48:00,2019-08-21 10:32:00,"1.0",22.7,6.9,9
2019,"LOA_IA19_GL1",335,"PD","PD08",43.2163333333333,-79.2626666666667,"GL6B",7.8,18.6,7.5,18.73,2019-08-20 15:48:00,2019-08-21 10:32:00,"1.0",22.7,6.9,9
2019,"LOA_IA19_GL1",336,"EB","EB01",44.0653333333333,-76.775,"GL6B",27,11.1,30,23.63,2019-09-16 10:42:00,2019-09-17 10:20:00,"6.0",19.4,23,29.1
2019,"LOA_IA19_GL1",337,"EB","EB01",44.0653333333333,-76.775,"GL6B",27,11.1,30,23.63,2019-09-16 10:42:00,2019-09-17 10:20:00,"6.0",19.4,23,29.1
2019,"LOA_IA19_GL1",338,"EB","EB01",44.0653333333333,-76.775,"GL6B",27,11.1,30,23.63,2019-09-16 10:42:00,2019-09-17 10:20:00,"6.0",19.4,23,29.1
2019,"LOA_IA19_GL1",339,"EB","EB02",44.0548333333333,-76.8416666666667,"GL6B",29.8,10.1,30,25.03,2019-09-16 11:13:00,2019-09-17 12:15:00,"6.0",19.4,29.7,30
2019,"LOA_IA19_GL1",340,"EB","EB02",44.0548333333333,-76.8416666666667,"GL6B",29.8,10.1,30,25.03,2019-09-16 11:13:00,2019-09-17 12:15:00,"6.0",19.4,29.7,30
2019,"LOA_IA19_GL1",341,"EB","EB02",44.0548333333333,-76.8416666666667,"GL6B",29.8,10.1,30,25.03,2019-09-16 11:13:00,2019-09-17 12:15:00,"6.0",19.4,29.7,30
2019,"LOA_IA19_GL1",342,"EB","EB03",43.971,-76.8236666666667,"GL6B",29.1,10.9,25,23.78,2019-09-16 11:52:00,2019-09-17 11:39:00,"6.5",19.4,29,33
2019,"LOA_IA19_GL1",343,"EB","EB03",43.971,-76.8236666666667,"GL6B",29.1,10.9,25,23.78,2019-09-16 11:52:00,2019-09-17 11:39:00,"6.5",19.4,29,33
2019,"LOA_IA19_GL1",344,"EB","EB03",43.971,-76.8236666666667,"GL6B",29.1,10.9,25,23.78,2019-09-16 11:52:00,2019-09-17 11:39:00,"6.5",19.4,29,33
2019,"LOA_IA19_GL1",345,"EB","EB04",43.9913333333333,-76.6053333333333,"GL6B",31.8,9,27.4,23.05,2019-09-09 12:15:00,2019-09-10 11:18:00,"5.5",20.3,29.1,34.1
2019,"LOA_IA19_GL1",346,"EB","EB04",43.9913333333333,-76.6053333333333,"GL6B",31.8,9,27.4,23.05,2019-09-09 12:15:00,2019-09-10 11:18:00,"5.5",20.3,29.1,34.1
2019,"LOA_IA19_GL1",347,"EB","EB04",43.9913333333333,-76.6053333333333,"GL6B",31.8,9,27.4,23.05,2019-09-09 12:15:00,2019-09-10 11:18:00,"5.5",20.3,29.1,34.1
2019,"LOA_IA19_GL1",348,"EB","EB05",43.9991666666667,-76.5678333333333,"GL6B",29.7,9,29.3,23,2019-09-09 11:45:00,2019-09-10 10:45:00,"5.0",29.3,29.1,30.7
2019,"LOA_IA19_GL1",349,"EB","EB05",43.9991666666667,-76.5678333333333,"GL6B",29.7,9,29.3,23,2019-09-09 11:45:00,2019-09-10 10:45:00,"5.0",29.3,29.1,30.7
2019,"LOA_IA19_GL1",350,"EB","EB05",43.9991666666667,-76.5678333333333,"GL6B",29.7,9,29.3,23,2019-09-09 11:45:00,2019-09-10 10:45:00,"5.0",29.3,29.1,30.7
2019,"LOA_IA19_GL1",351,"EB","EB06",44.0241666666667,-76.7005,"GL6B",27.1,9.4,30,22.98,2019-09-09 11:05:00,2019-09-10 10:04:00,"5.0",20.1,26.8,27.8
2019,"LOA_IA19_GL1",352,"EB","EB06",44.0241666666667,-76.7005,"GL6B",27.1,9.4,30,22.98,2019-09-09 11:05:00,2019-09-10 10:04:00,"5.0",20.1,26.8,27.8
2019,"LOA_IA19_GL1",353,"EB","EB06",44.0241666666667,-76.7005,"GL6B",27.1,9.4,30,22.98,2019-09-09 11:05:00,2019-09-10 10:04:00,"5.0",20.1,26.8,27.8
2019,"LOA_IA19_GL1",354,"TR","TR05",44.1073333333333,-77.5075,"GL6B",4.8,11.3,4,23.76,2019-10-21 11:04:00,2019-10-22 10:50:00,"2.0",11.3,4.6,5
2019,"LOA_IA19_GL1",355,"UB","U009",44.0766666666667,-77.581,"GL6B",2.5,11.2,3,23.65,2019-10-21 10:41:00,2019-10-22 10:20:00,"2.8",11.2,1.9,2.8
2019,"LOA_IA19_GL1",356,"BE","BE05",44.1525,-77.337,"GL6B",5.5,12,5,24.03,2019-10-21 11:48:00,2019-10-22 11:50:00,"1.75",12.1,5.3,5.6
2019,"LOA_IA19_GL1",357,"UB","U044",44.1346666666667,-77.419,"GL6B",5.4,11.8,6,23.8,2019-10-21 11:27:00,2019-10-22 11:15:00,"2.0",11.8,5.3,5.6
2019,"LOA_IA19_GL1",358,"HB","HB08",44.1081666666667,-77.0298333333333,"GL6B",6.8,12.6,7.5,22.96,2019-10-22 11:10:00,2019-10-23 10:08:00,"1.5",12.6,6.7,6.8
2019,"LOA_IA19_GL1",359,"HB","HB13",44.0953333333333,-77.069,"GL6B",12.1,13,12.5,23.68,2019-10-22 10:49:00,2019-10-23 10:30:00,"2.5",13.5,12,12.5
2019,"LOA_IA19_GL1",360,"MB","M084",44.0411666666667,-77.1171666666667,"GL6B",10,13.8,12,23.08,2019-10-22 09:56:00,2019-10-23 09:01:00,"2.0",13.7,9.2,10.8
2019,"LOA_IA19_GL1",361,"MB","M073",44.0416666666667,-77.0691666666667,"GL6B",12.4,14,20,23.06,2019-10-22 10:16:00,2019-10-23 09:20:00,"2.0",14,12,12.8
2019,"LOA_IA19_GL1",362,"BB","BB05",44.1533333333333,-77.2263333333333,"GL6B",6.1,11.2,5,23.53,2019-10-28 10:47:00,2019-10-29 10:19:00,"2.75",11.6,6,6.4
2019,"LOA_IA19_GL1",363,"UB","U078",44.1185,-77.293,"GL6B",4.5,11.1,6,23.68,2019-10-28 10:24:00,2019-10-29 10:05:00,"1.25",11.3,4.4,4.6
2019,"LOA_IA19_GL1",364,"DE","DE05",44.173,-77.0563333333333,"GL6B",5.3,11.3,5,23.68,2019-10-28 11:31:00,2019-10-29 11:12:00,"2.5",11.5,5.1,5.5
2019,"LOA_IA19_GL1",365,"MB","M006",44.1431666666667,-77.0593333333333,"GL6B",7,11.3,12,23.6,2019-10-28 11:53:00,2019-10-29 11:29:00,"2.7",11.7,6.8,7.3
